{
  "workoutInspiration": [
    {
      "id": "workout-1",
      "seed": "lift1",
      "width": 600,
      "height": 400,
      "hint": "weightlifting",
      "title": "Strength Training"
    },
    {
      "id": "workout-2",
      "seed": "run2",
      "width": 600,
      "height": 400,
      "hint": "running cardio",
      "title": "Cardio"
    },
    {
      "id": "workout-3",
      "seed": "yoga3",
      "width": 600,
      "height": 400,
      "hint": "yoga stretching",
      "title": "Flexibility"
    },
    {
      "id": "workout-4",
      "seed": "crossfit4",
      "width": 600,
      "height": 400,
      "hint": "crossfit training",
      "title": "HIIT"
    }
  ]
}
